-- 공지사항 테스트 30개 생성
INSERT INTO NOTICE (TITLE, CONTENT, VIEWCNT, WRDATE) VALUES ('TITLE 01', 'CONTENT 01', 01, sysdate);
INSERT INTO NOTICE (TITLE, CONTENT, VIEWCNT, WRDATE) VALUES ('TITLE 02', 'CONTENT 02', 02, sysdate);
INSERT INTO NOTICE (TITLE, CONTENT, VIEWCNT, WRDATE) VALUES ('TITLE 03', 'CONTENT 03', 03, sysdate);
INSERT INTO NOTICE (TITLE, CONTENT, VIEWCNT, WRDATE) VALUES ('TITLE 04', 'CONTENT 04', 04, sysdate);
INSERT INTO NOTICE (TITLE, CONTENT, VIEWCNT, WRDATE) VALUES ('TITLE 05', 'CONTENT 05', 05, sysdate);
INSERT INTO NOTICE (TITLE, CONTENT, VIEWCNT, WRDATE) VALUES ('TITLE 06', 'CONTENT 06', 06, sysdate);
INSERT INTO NOTICE (TITLE, CONTENT, VIEWCNT, WRDATE) VALUES ('TITLE 07', 'CONTENT 07', 07, sysdate);
INSERT INTO NOTICE (TITLE, CONTENT, VIEWCNT, WRDATE) VALUES ('TITLE 08', 'CONTENT 08', 08, sysdate);
INSERT INTO NOTICE (TITLE, CONTENT, VIEWCNT, WRDATE) VALUES ('TITLE 09', 'CONTENT 09', 09, sysdate);
INSERT INTO NOTICE (TITLE, CONTENT, VIEWCNT, WRDATE) VALUES ('TITLE 10', 'CONTENT 10', 10, sysdate);
INSERT INTO NOTICE (TITLE, CONTENT, VIEWCNT, WRDATE) VALUES ('TITLE 11', 'CONTENT 11', 11, sysdate);
INSERT INTO NOTICE (TITLE, CONTENT, VIEWCNT, WRDATE) VALUES ('TITLE 12', 'CONTENT 12', 12, sysdate);
INSERT INTO NOTICE (TITLE, CONTENT, VIEWCNT, WRDATE) VALUES ('TITLE 13', 'CONTENT 13', 13, sysdate);
INSERT INTO NOTICE (TITLE, CONTENT, VIEWCNT, WRDATE) VALUES ('TITLE 14', 'CONTENT 14', 14, sysdate);
INSERT INTO NOTICE (TITLE, CONTENT, VIEWCNT, WRDATE) VALUES ('TITLE 15', 'CONTENT 15', 15, sysdate);
INSERT INTO NOTICE (TITLE, CONTENT, VIEWCNT, WRDATE) VALUES ('TITLE 16', 'CONTENT 16', 16, sysdate);
INSERT INTO NOTICE (TITLE, CONTENT, VIEWCNT, WRDATE) VALUES ('TITLE 17', 'CONTENT 17', 17, sysdate);
INSERT INTO NOTICE (TITLE, CONTENT, VIEWCNT, WRDATE) VALUES ('TITLE 18', 'CONTENT 18', 18, sysdate);
INSERT INTO NOTICE (TITLE, CONTENT, VIEWCNT, WRDATE) VALUES ('TITLE 19', 'CONTENT 19', 19, sysdate);
INSERT INTO NOTICE (TITLE, CONTENT, VIEWCNT, WRDATE) VALUES ('TITLE 20', 'CONTENT 20', 20, sysdate);
INSERT INTO NOTICE (TITLE, CONTENT, VIEWCNT, WRDATE) VALUES ('TITLE 21', 'CONTENT 21', 21, sysdate);
INSERT INTO NOTICE (TITLE, CONTENT, VIEWCNT, WRDATE) VALUES ('TITLE 22', 'CONTENT 22', 22, sysdate);
INSERT INTO NOTICE (TITLE, CONTENT, VIEWCNT, WRDATE) VALUES ('TITLE 23', 'CONTENT 23', 23, sysdate);
INSERT INTO NOTICE (TITLE, CONTENT, VIEWCNT, WRDATE) VALUES ('TITLE 24', 'CONTENT 24', 24, sysdate);
INSERT INTO NOTICE (TITLE, CONTENT, VIEWCNT, WRDATE) VALUES ('TITLE 25', 'CONTENT 25', 25, sysdate);
INSERT INTO NOTICE (TITLE, CONTENT, VIEWCNT, WRDATE) VALUES ('TITLE 26', 'CONTENT 26', 26, sysdate);
INSERT INTO NOTICE (TITLE, CONTENT, VIEWCNT, WRDATE) VALUES ('TITLE 27', 'CONTENT 27', 27, sysdate);
INSERT INTO NOTICE (TITLE, CONTENT, VIEWCNT, WRDATE) VALUES ('TITLE 28', 'CONTENT 28', 28, sysdate);
INSERT INTO NOTICE (TITLE, CONTENT, VIEWCNT, WRDATE) VALUES ('TITLE 29', 'CONTENT 29', 29, sysdate);
INSERT INTO NOTICE (TITLE, CONTENT, VIEWCNT, WRDATE) VALUES ('TITLE 30', 'CONTENT 30', 30, sysdate);

--user 테스트 2개 생성
INSERT INTO USERDATA (ID, PASSWORD, NAME, PHONE, EMAIL, ENABLED) VALUES ('user1', '1234', 'NAME 1', 'PHONE 1', 'EMAIL 1', '1');
INSERT INTO USERDATA (ID, PASSWORD, NAME, PHONE, EMAIL, ENABLED) VALUES ('user2', '1234', 'NAME 2', 'PHONE 2', 'EMAIL 2', '1');
--디자이너 테스트 2개 생성
INSERT INTO Designer (ID, PASSWORD, NAME, EMAIL, PHONE, INTRO, ENABLED) VALUES ('deus1', '1234', 'NAME 1', 'EMAIL 1', 'PHONE 1', 'INTRO 1', '1');
INSERT INTO Designer (ID, PASSWORD, NAME, EMAIL, PHONE, INTRO, ENABLED) VALUES ('deus2', '1234', 'NAME 2', 'EMAIL 2', 'PHONE 2', 'INTRO 2', '1');

--qna 테스트 10개 생성
INSERT INTO QNA (USERID, TITLE, CONTENT, VIEWCNT, WRDATE, ANSER, ANDATE, OPEN) VALUES ('user1', 'TITLE 01', 'CONTENT 01', 01, sysdate, 'ANSER 01', sysdate, 'N');
INSERT INTO QNA (USERID, TITLE, CONTENT, VIEWCNT, WRDATE, ANSER, ANDATE, OPEN) VALUES ('user1', 'TITLE 02', 'CONTENT 02', 02, sysdate, 'ANSER 02', sysdate, 'Y');
INSERT INTO QNA (USERID, TITLE, CONTENT, VIEWCNT, WRDATE, ANSER, ANDATE, OPEN) VALUES ('user1', 'TITLE 03', 'CONTENT 03', 03, sysdate, 'ANSER 03', sysdate, 'N');
INSERT INTO QNA (USERID, TITLE, CONTENT, VIEWCNT, WRDATE, ANSER, ANDATE, OPEN) VALUES ('user1', 'TITLE 04', 'CONTENT 04', 04, sysdate, 'ANSER 04', sysdate, 'N');
INSERT INTO QNA (USERID, TITLE, CONTENT, VIEWCNT, WRDATE, ANSER, ANDATE, OPEN) VALUES ('user1', 'TITLE 05', 'CONTENT 05', 05, sysdate, 'ANSER 05', sysdate, 'N');
INSERT INTO QNA (USERID, TITLE, CONTENT, VIEWCNT, WRDATE, ANSER, ANDATE, OPEN) VALUES ('user2', 'TITLE 06', 'CONTENT 06', 06, sysdate, 'ANSER 06', sysdate, 'N');
INSERT INTO QNA (USERID, TITLE, CONTENT, VIEWCNT, WRDATE, ANSER, ANDATE, OPEN) VALUES ('user2', 'TITLE 07', 'CONTENT 07', 07, sysdate, 'ANSER 07', sysdate, 'N');
INSERT INTO QNA (USERID, TITLE, CONTENT, VIEWCNT, WRDATE, ANSER, ANDATE, OPEN) VALUES ('user2', 'TITLE 08', 'CONTENT 08', 08, sysdate, 'ANSER 08', sysdate, 'N');
INSERT INTO QNA (USERID, TITLE, CONTENT, VIEWCNT, WRDATE, ANSER, ANDATE, OPEN) VALUES ('user2', 'TITLE 09', 'CONTENT 09', 09, sysdate, 'ANSER 09', sysdate, 'N');
INSERT INTO QNA (USERID, TITLE, CONTENT, VIEWCNT, WRDATE, ANSER, ANDATE, OPEN) VALUES ('user2', 'TITLE 10', 'CONTENT 10', 10, sysdate, 'ANSER 10', sysdate, 'Y');
INSERT INTO QNA (USERID, TITLE, CONTENT, VIEWCNT, WRDATE, ANSER, ANDATE, OPEN) VALUES ('user2', 'TITLE 11', 'CONTENT 11', 11, sysdate, '', sysdate, 'Y');
INSERT INTO QNA (USERID, TITLE, CONTENT, VIEWCNT, WRDATE, ANSER, ANDATE, OPEN) VALUES ('user2', 'TITLE 13', 'CONTENT 13', 13, sysdate, '', sysdate, 'Y');





